,Step,Mean return,Success rate,Mean episode length
0,10000,4.5,0.0,100.0
1,20000,0.0,0.0,100.0
2,30000,0.0,0.0,100.0
3,40000,4.5,0.0,100.0
4,50000,1.0,0.0,100.0
5,60000,2.0,0.0,100.0
6,70000,2.5,0.0,100.0
7,80000,5.5,0.0,100.0
8,90000,5.0,0.0,100.0
9,100000,16.0,0.0,100.0
10,110000,14.5,0.0,100.0
11,120000,19.5,0.0,100.0
12,130000,1.5,0.0,100.0
13,140000,1.0,0.0,100.0
14,150000,0.0,0.0,100.0
15,160000,26.5,0.0,100.0
16,170000,15.0,0.0,100.0
17,180000,0.0,0.0,100.0
18,190000,24.0,0.0,100.0
19,200000,30.5,0.0,100.0
20,210000,17.5,0.0,100.0
21,220000,36.5,0.0,100.0
22,230000,30.5,0.0,100.0
23,240000,1.5,0.0,100.0
24,250000,0.0,0.0,100.0
25,260000,17.5,0.0,100.0
26,270000,28.0,0.0,100.0
27,280000,36.5,0.0,100.0
28,290000,22.0,0.0,100.0
29,300000,35.0,0.0,100.0
30,310000,41.5,0.0,100.0
31,320000,32.0,0.0,100.0
32,330000,23.5,0.0,100.0
33,340000,41.0,0.0,100.0
34,350000,37.5,0.0,100.0
35,360000,23.0,0.0,100.0
36,370000,44.0,0.0,100.0
37,380000,42.5,0.0,100.0
38,390000,36.0,0.0,100.0
39,400000,44.0,0.0,100.0
40,410000,46.0,0.0,100.0
41,420000,44.0,0.0,100.0
42,430000,45.0,0.0,100.0
43,440000,45.5,0.0,100.0
44,450000,46.0,0.0,100.0
45,460000,44.5,0.0,100.0
46,470000,45.5,0.0,100.0
47,480000,42.0,0.0,100.0
48,490000,45.5,0.0,100.0
49,500000,44.0,0.0,100.0
50,510000,44.0,0.0,100.0
51,520000,47.0,0.0,100.0
52,530000,44.0,0.0,100.0
53,540000,48.0,0.0,100.0
54,550000,45.0,0.0,100.0
55,560000,46.5,0.0,100.0
56,570000,46.5,0.0,100.0
57,580000,45.5,0.0,100.0
58,590000,47.0,0.0,100.0
59,600000,45.5,0.0,100.0
60,610000,47.0,0.0,100.0
61,620000,48.0,0.0,100.0
62,630000,45.5,0.0,100.0
63,640000,46.0,0.0,100.0
64,650000,47.0,0.0,100.0
65,660000,47.0,0.0,100.0
66,670000,45.0,0.0,100.0
67,680000,47.0,0.0,100.0
68,690000,47.0,0.0,100.0
69,700000,45.5,0.0,100.0
70,710000,48.0,0.0,100.0
71,720000,46.0,0.0,100.0
72,730000,48.0,0.0,100.0
73,740000,46.0,0.0,100.0
74,750000,46.0,0.0,100.0
75,760000,45.0,0.0,100.0
76,770000,47.5,0.0,100.0
77,780000,46.5,0.0,100.0
78,790000,46.5,0.0,100.0
79,800000,44.5,0.0,100.0
80,810000,45.5,0.0,100.0
81,820000,47.0,0.0,100.0
82,830000,47.5,0.0,100.0
83,840000,47.0,0.0,100.0
84,850000,47.5,0.0,100.0
85,860000,45.0,0.0,100.0
86,870000,47.0,0.0,100.0
87,880000,47.0,0.0,100.0
88,890000,46.5,0.0,100.0
89,900000,45.5,0.0,100.0
90,910000,47.0,0.0,100.0
91,920000,47.5,0.0,100.0
92,930000,47.5,0.0,100.0
93,940000,47.5,0.0,100.0
94,950000,46.5,0.0,100.0
95,960000,47.5,0.0,100.0
96,970000,47.5,0.0,100.0
97,980000,46.0,0.0,100.0
98,990000,48.0,0.0,100.0
99,1000000,47.5,0.0,100.0
100,1010000,48.0,0.0,100.0
101,1020000,48.0,0.0,100.0
102,1030000,48.0,0.0,100.0
103,1040000,47.0,0.0,100.0
104,1050000,48.5,0.0,100.0
105,1060000,48.0,0.0,100.0
106,1070000,48.0,0.0,100.0
107,1080000,47.0,0.0,100.0
108,1090000,47.0,0.0,100.0
109,1100000,48.0,0.0,100.0
110,1110000,48.0,0.0,100.0
111,1120000,47.5,0.0,100.0
112,1130000,48.5,0.0,100.0
113,1140000,45.5,0.0,100.0
114,1150000,45.5,0.0,100.0
115,1160000,46.0,0.0,100.0
116,1170000,48.0,0.0,100.0
117,1180000,47.0,0.0,100.0
118,1190000,45.5,0.0,100.0
119,1200000,47.5,0.0,100.0
120,1210000,45.5,0.0,100.0
121,1220000,48.5,0.0,100.0
122,1230000,48.5,0.0,100.0
123,1240000,48.0,0.0,100.0
124,1250000,48.0,0.0,100.0
125,1260000,48.5,0.0,100.0
126,1270000,45.5,0.0,100.0
127,1280000,48.0,0.0,100.0
128,1290000,48.0,0.0,100.0
129,1300000,47.5,0.0,100.0
130,1310000,48.0,0.0,100.0
131,1320000,48.5,0.0,100.0
132,1330000,48.0,0.0,100.0
133,1340000,47.5,0.0,100.0
134,1350000,48.5,0.0,100.0
135,1360000,47.5,0.0,100.0
136,1370000,48.0,0.0,100.0
137,1380000,47.5,0.0,100.0
138,1390000,47.5,0.0,100.0
139,1400000,48.5,0.0,100.0
140,1410000,48.5,0.0,100.0
141,1420000,48.0,0.0,100.0
142,1430000,48.0,0.0,100.0
143,1440000,47.5,0.0,100.0
144,1450000,48.0,0.0,100.0
145,1460000,47.5,0.0,100.0
146,1470000,47.0,0.0,100.0
147,1480000,47.5,0.0,100.0
148,1490000,48.5,0.0,100.0
149,1500000,44.5,0.0,100.0
150,1510000,47.5,0.0,100.0
151,1520000,47.5,0.0,100.0
152,1530000,47.5,0.0,100.0
153,1540000,47.5,0.0,100.0
154,1550000,48.0,0.0,100.0
155,1560000,47.5,0.0,100.0
156,1570000,46.5,0.0,100.0
157,1580000,47.5,0.0,100.0
158,1590000,47.5,0.0,100.0
159,1600000,48.0,0.0,100.0
160,1610000,45.0,0.0,100.0
161,1620000,48.5,0.0,100.0
162,1630000,48.0,0.0,100.0
163,1640000,48.5,0.0,100.0
164,1650000,48.0,0.0,100.0
165,1660000,48.0,0.0,100.0
166,1670000,48.0,0.0,100.0
167,1680000,48.0,0.0,100.0
168,1690000,48.0,0.0,100.0
169,1700000,47.5,0.0,100.0
170,1710000,47.0,0.0,100.0
171,1720000,47.5,0.0,100.0
172,1730000,48.0,0.0,100.0
173,1740000,51.0,0.0,100.0
174,1750000,64.5,0.0,100.0
175,1760000,48.5,0.0,100.0
176,1770000,48.0,0.0,100.0
177,1780000,48.5,0.0,100.0
178,1790000,47.5,0.0,100.0
179,1800000,47.5,0.0,100.0
180,1810000,48.0,0.0,100.0
181,1820000,155.0,0.0,100.0
182,1830000,48.0,0.0,100.0
183,1840000,48.5,0.0,100.0
184,1850000,47.5,0.0,100.0
185,1860000,48.5,0.0,100.0
186,1870000,173.5,0.0,100.0
187,1880000,47.5,0.0,100.0
188,1890000,157.0,0.0,100.0
189,1900000,181.0,0.0,100.0
190,1910000,176.5,0.0,100.0
191,1920000,178.0,0.0,100.0
192,1930000,178.0,0.0,100.0
193,1940000,182.0,0.0,100.0
194,1950000,178.5,0.0,100.0
195,1960000,180.5,0.0,100.0
196,1970000,183.5,0.0,100.0
197,1980000,172.0,0.0,100.0
198,1990000,181.5,0.0,100.0
199,2000000,178.5,0.0,100.0
200,2010000,177.0,0.0,100.0
201,2020000,181.0,0.0,100.0
202,2030000,181.5,0.0,100.0
203,2040000,186.0,0.0,100.0
204,2050000,179.0,0.0,100.0
205,2060000,182.0,0.0,100.0
206,2070000,184.0,0.0,100.0
207,2080000,185.0,0.0,100.0
208,2090000,180.5,0.0,100.0
209,2100000,178.5,0.0,100.0
210,2110000,182.5,0.0,100.0
211,2120000,179.5,0.0,100.0
212,2130000,180.0,0.0,100.0
213,2140000,179.5,0.0,100.0
214,2150000,185.0,0.0,100.0
215,2160000,176.0,0.0,100.0
216,2170000,176.5,0.0,100.0
217,2180000,183.0,0.0,100.0
218,2190000,179.0,0.0,100.0
219,2200000,181.0,0.0,100.0
220,2210000,178.0,0.0,100.0
221,2220000,183.5,0.0,100.0
222,2230000,184.0,0.0,100.0
223,2240000,180.0,0.0,100.0
224,2250000,184.0,0.0,100.0
225,2260000,178.0,0.0,100.0
226,2270000,185.0,0.0,100.0
227,2280000,185.5,0.0,100.0
228,2290000,181.5,0.0,100.0
229,2300000,178.5,0.0,100.0
230,2310000,186.5,0.0,100.0
231,2320000,181.0,0.0,100.0
232,2330000,187.5,0.0,100.0
233,2340000,181.0,0.0,100.0
234,2350000,176.0,0.0,100.0
235,2360000,183.0,0.0,100.0
236,2370000,184.5,0.0,100.0
237,2380000,181.5,0.0,100.0
238,2390000,181.0,0.0,100.0
239,2400000,181.0,0.0,100.0
240,2410000,177.0,0.0,100.0
241,2420000,178.0,0.0,100.0
242,2430000,180.0,0.0,100.0
243,2440000,174.5,0.0,100.0
244,2450000,175.5,0.0,100.0
245,2460000,179.0,0.0,100.0
246,2470000,181.5,0.0,100.0
247,2480000,181.5,0.0,100.0
248,2490000,177.5,0.0,100.0
249,2500000,180.0,0.0,100.0
250,2510000,185.0,0.0,100.0
251,2520000,183.5,0.0,100.0
252,2530000,181.0,0.0,100.0
253,2540000,181.5,0.0,100.0
254,2550000,180.0,0.0,100.0
255,2560000,183.0,0.0,100.0
256,2570000,182.5,0.0,100.0
257,2580000,181.0,0.0,100.0
258,2590000,183.0,0.0,100.0
259,2600000,176.0,0.0,100.0
260,2610000,178.0,0.0,100.0
261,2620000,177.0,0.0,100.0
262,2630000,181.5,0.0,100.0
263,2640000,179.0,0.0,100.0
264,2650000,184.0,0.0,100.0
265,2660000,181.0,0.0,100.0
266,2670000,178.0,0.0,100.0
267,2680000,177.5,0.0,100.0
268,2690000,183.5,0.0,100.0
269,2700000,176.0,0.0,100.0
270,2710000,177.0,0.0,100.0
271,2720000,183.5,0.0,100.0
272,2730000,181.0,0.0,100.0
273,2740000,179.0,0.0,100.0
274,2750000,178.0,0.0,100.0
275,2760000,178.5,0.0,100.0
276,2770000,177.5,0.0,100.0
277,2780000,182.5,0.0,100.0
278,2790000,179.0,0.0,100.0
279,2800000,177.0,0.0,100.0
280,2810000,177.5,0.0,100.0
281,2820000,184.5,0.0,100.0
282,2830000,181.5,0.0,100.0
283,2840000,181.5,0.0,100.0
284,2850000,186.0,0.0,100.0
285,2860000,183.0,0.0,100.0
286,2870000,181.0,0.0,100.0
287,2880000,186.0,0.0,100.0
288,2890000,186.0,0.0,100.0
289,2900000,182.0,0.0,100.0
290,2910000,185.0,0.0,100.0
291,2920000,185.0,0.0,100.0
292,2930000,182.0,0.0,100.0
293,2940000,183.0,0.0,100.0
294,2950000,178.5,0.0,100.0
295,2960000,178.5,0.0,100.0
296,2970000,178.0,0.0,100.0
297,2980000,176.0,0.0,100.0
298,2990000,185.5,0.0,100.0
299,3000000,182.0,0.0,100.0
300,3010000,178.5,0.0,100.0
301,3020000,178.5,0.0,100.0
302,3030000,177.0,0.0,100.0
303,3040000,180.5,0.0,100.0
304,3050000,181.0,0.0,100.0
305,3060000,185.0,0.0,100.0
306,3070000,178.5,0.0,100.0
307,3080000,177.0,0.0,100.0
308,3090000,176.0,0.0,100.0
309,3100000,185.5,0.0,100.0
310,3110000,184.0,0.0,100.0
311,3120000,177.5,0.0,100.0
312,3130000,179.5,0.0,100.0
313,3140000,178.5,0.0,100.0
314,3150000,182.5,0.0,100.0
315,3160000,183.0,0.0,100.0
316,3170000,186.0,0.0,100.0
317,3180000,183.0,0.0,100.0
318,3190000,178.5,0.0,100.0
319,3200000,183.0,0.0,100.0
320,3210000,187.5,0.0,100.0
321,3220000,178.0,0.0,100.0
322,3230000,179.0,0.0,100.0
323,3240000,177.0,0.0,100.0
324,3250000,177.5,0.0,100.0
325,3260000,178.5,0.0,100.0
326,3270000,183.5,0.0,100.0
327,3280000,178.0,0.0,100.0
328,3290000,186.0,0.0,100.0
329,3300000,185.5,0.0,100.0
330,3310000,176.0,0.0,100.0
331,3320000,182.5,0.0,100.0
332,3330000,179.5,0.0,100.0
333,3340000,178.5,0.0,100.0
334,3350000,179.0,0.0,100.0
335,3360000,188.5,0.0,100.0
336,3370000,183.0,0.0,100.0
337,3380000,185.0,0.0,100.0
338,3390000,178.5,0.0,100.0
339,3400000,184.5,0.0,100.0
340,3410000,178.5,0.0,100.0
341,3420000,180.0,0.0,100.0
342,3430000,178.5,0.0,100.0
343,3440000,185.0,0.0,100.0
344,3450000,181.0,0.0,100.0
345,3460000,188.0,0.0,100.0
346,3470000,180.0,0.0,100.0
347,3480000,177.5,0.0,100.0
348,3490000,181.5,0.0,100.0
349,3500000,184.5,0.0,100.0
350,3510000,180.5,0.0,100.0
351,3520000,184.0,0.0,100.0
352,3530000,168.0,0.0,100.0
353,3540000,176.5,0.0,100.0
354,3550000,183.5,0.0,100.0
355,3560000,183.0,0.0,100.0
356,3570000,179.0,0.0,100.0
357,3580000,183.0,0.0,100.0
358,3590000,183.0,0.0,100.0
359,3600000,178.5,0.0,100.0
360,3610000,181.0,0.0,100.0
361,3620000,184.5,0.0,100.0
362,3630000,181.5,0.0,100.0
363,3640000,177.5,0.0,100.0
364,3650000,177.5,0.0,100.0
365,3660000,178.0,0.0,100.0
366,3670000,182.0,0.0,100.0
367,3680000,177.0,0.0,100.0
368,3690000,186.0,0.0,100.0
369,3700000,183.5,0.0,100.0
370,3710000,178.5,0.0,100.0
371,3720000,176.5,0.0,100.0
372,3730000,183.5,0.0,100.0
373,3740000,178.5,0.0,100.0
374,3750000,183.0,0.0,100.0
375,3760000,182.0,0.0,100.0
376,3770000,182.0,0.0,100.0
377,3780000,185.5,0.0,100.0
378,3790000,183.0,0.0,100.0
379,3800000,176.5,0.0,100.0
380,3810000,173.0,0.0,100.0
381,3820000,184.5,0.0,100.0
382,3830000,184.5,0.0,100.0
383,3840000,177.5,0.0,100.0
384,3850000,178.0,0.0,100.0
385,3860000,178.0,0.0,100.0
386,3870000,178.0,0.0,100.0
387,3880000,185.5,0.0,100.0
388,3890000,184.5,0.0,100.0
389,3900000,179.5,0.0,100.0
390,3910000,178.0,0.0,100.0
391,3920000,179.5,0.0,100.0
392,3930000,183.5,0.0,100.0
393,3940000,180.5,0.0,100.0
394,3950000,179.0,0.0,100.0
395,3960000,184.0,0.0,100.0
396,3970000,185.0,0.0,100.0
397,3980000,179.5,0.0,100.0
398,3990000,181.0,0.0,100.0
399,4000000,187.5,0.0,100.0
400,4010000,177.0,0.0,100.0
401,4020000,180.0,0.0,100.0
402,4030000,178.0,0.0,100.0
403,4040000,184.0,0.0,100.0
404,4050000,181.5,0.0,100.0
405,4060000,181.0,0.0,100.0
406,4070000,184.0,0.0,100.0
407,4080000,184.5,0.0,100.0
408,4090000,177.5,0.0,100.0
409,4100000,184.0,0.0,100.0
410,4110000,182.0,0.0,100.0
411,4120000,180.5,0.0,100.0
412,4130000,184.5,0.0,100.0
413,4140000,183.5,0.0,100.0
414,4150000,182.0,0.0,100.0
415,4160000,177.0,0.0,100.0
416,4170000,182.0,0.0,100.0
417,4180000,179.5,0.0,100.0
418,4190000,175.5,0.0,100.0
419,4200000,176.0,0.0,100.0
420,4210000,179.5,0.0,100.0
421,4220000,187.5,0.0,100.0
422,4230000,181.5,0.0,100.0
423,4240000,179.5,0.0,100.0
424,4250000,186.0,0.0,100.0
425,4260000,182.0,0.0,100.0
426,4270000,182.0,0.0,100.0
427,4280000,183.0,0.0,100.0
428,4290000,176.5,0.0,100.0
429,4300000,176.0,0.0,100.0
430,4310000,183.0,0.0,100.0
431,4320000,182.0,0.0,100.0
432,4330000,178.5,0.0,100.0
433,4340000,186.5,0.0,100.0
434,4350000,184.0,0.0,100.0
435,4360000,178.5,0.0,100.0
436,4370000,176.0,0.0,100.0
437,4380000,177.0,0.0,100.0
438,4390000,182.0,0.0,100.0
439,4400000,179.0,0.0,100.0
440,4410000,177.5,0.0,100.0
441,4420000,187.0,0.0,100.0
442,4430000,178.0,0.0,100.0
443,4440000,183.5,0.0,100.0
444,4450000,185.0,0.0,100.0
445,4460000,183.5,0.0,100.0
446,4470000,177.5,0.0,100.0
447,4480000,182.0,0.0,100.0
448,4490000,178.5,0.0,100.0
449,4500000,176.5,0.0,100.0
450,4510000,175.0,0.0,100.0
451,4520000,181.5,0.0,100.0
452,4530000,183.5,0.0,100.0
453,4540000,181.0,0.0,100.0
454,4550000,181.0,0.0,100.0
455,4560000,185.5,0.0,100.0
456,4570000,176.0,0.0,100.0
457,4580000,177.0,0.0,100.0
458,4590000,176.0,0.0,100.0
459,4600000,180.5,0.0,100.0
460,4610000,178.5,0.0,100.0
461,4620000,184.5,0.0,100.0
462,4630000,181.0,0.0,100.0
463,4640000,186.5,0.0,100.0
464,4650000,180.5,0.0,100.0
465,4660000,178.0,0.0,100.0
466,4670000,181.0,0.0,100.0
467,4680000,183.0,0.0,100.0
468,4690000,178.5,0.0,100.0
469,4700000,183.0,0.0,100.0
470,4710000,178.5,0.0,100.0
471,4720000,185.0,0.0,100.0
472,4730000,182.5,0.0,100.0
473,4740000,176.5,0.0,100.0
474,4750000,179.0,0.0,100.0
475,4760000,183.5,0.0,100.0
476,4770000,184.5,0.0,100.0
477,4780000,177.5,0.0,100.0
478,4790000,183.5,0.0,100.0
479,4800000,184.0,0.0,100.0
480,4810000,182.0,0.0,100.0
481,4820000,178.0,0.0,100.0
482,4830000,184.0,0.0,100.0
483,4840000,182.0,0.0,100.0
484,4850000,183.0,0.0,100.0
485,4860000,182.0,0.0,100.0
486,4870000,183.0,0.0,100.0
487,4880000,178.0,0.0,100.0
488,4890000,185.0,0.0,100.0
489,4900000,180.0,0.0,100.0
490,4910000,183.5,0.0,100.0
491,4920000,181.0,0.0,100.0
492,4930000,183.5,0.0,100.0
493,4940000,180.5,0.0,100.0
494,4950000,179.5,0.0,100.0
495,4960000,178.0,0.0,100.0
496,4970000,185.5,0.0,100.0
497,4980000,184.5,0.0,100.0
498,4990000,187.0,0.0,100.0
499,5000000,176.0,0.0,100.0
500,5010000,184.0,0.0,100.0
501,5020000,181.5,0.0,100.0
502,5030000,181.5,0.0,100.0
503,5040000,178.5,0.0,100.0
504,5050000,184.5,0.0,100.0
505,5060000,183.0,0.0,100.0
506,5070000,181.5,0.0,100.0
507,5080000,179.5,0.0,100.0
508,5090000,181.0,0.0,100.0
509,5100000,175.0,0.0,100.0
510,5110000,176.5,0.0,100.0
511,5120000,175.0,0.0,100.0
512,5130000,186.0,0.0,100.0
513,5140000,178.0,0.0,100.0
514,5150000,177.5,0.0,100.0
515,5160000,176.5,0.0,100.0
516,5170000,175.5,0.0,100.0
517,5180000,180.0,0.0,100.0
518,5190000,180.0,0.0,100.0
519,5200000,179.0,0.0,100.0
520,5210000,181.5,0.0,100.0
521,5220000,179.5,0.0,100.0
522,5230000,181.0,0.0,100.0
523,5240000,184.5,0.0,100.0
524,5250000,176.0,0.0,100.0
525,5260000,176.0,0.0,100.0
526,5270000,185.0,0.0,100.0
527,5280000,182.5,0.0,100.0
528,5290000,182.5,0.0,100.0
529,5300000,184.0,0.0,100.0
530,5310000,174.5,0.0,100.0
531,5320000,182.0,0.0,100.0
532,5330000,177.5,0.0,100.0
533,5340000,174.5,0.0,100.0
534,5350000,171.0,0.0,100.0
535,5360000,184.0,0.0,100.0
536,5370000,175.0,0.0,100.0
537,5380000,181.0,0.0,100.0
538,5390000,179.5,0.0,100.0
539,5400000,179.0,0.0,100.0
540,5410000,184.0,0.0,100.0
541,5420000,183.5,0.0,100.0
542,5430000,185.0,0.0,100.0
543,5440000,179.0,0.0,100.0
544,5450000,185.0,0.0,100.0
545,5460000,181.0,0.0,100.0
546,5470000,178.0,0.0,100.0
547,5480000,183.5,0.0,100.0
548,5490000,182.0,0.0,100.0
549,5500000,178.0,0.0,100.0
550,5510000,185.5,0.0,100.0
551,5520000,177.0,0.0,100.0
552,5530000,180.5,0.0,100.0
553,5540000,179.0,0.0,100.0
554,5550000,178.0,0.0,100.0
555,5560000,181.0,0.0,100.0
556,5570000,177.0,0.0,100.0
557,5580000,183.5,0.0,100.0
558,5590000,183.0,0.0,100.0
559,5600000,180.0,0.0,100.0
560,5610000,185.5,0.0,100.0
561,5620000,182.5,0.0,100.0
562,5630000,178.0,0.0,100.0
563,5640000,181.0,0.0,100.0
564,5650000,180.0,0.0,100.0
565,5660000,179.5,0.0,100.0
566,5670000,176.0,0.0,100.0
567,5680000,185.5,0.0,100.0
568,5690000,185.0,0.0,100.0
569,5700000,178.0,0.0,100.0
570,5710000,175.5,0.0,100.0
571,5720000,184.0,0.0,100.0
572,5730000,185.0,0.0,100.0
573,5740000,177.5,0.0,100.0
574,5750000,181.5,0.0,100.0
575,5760000,182.0,0.0,100.0
576,5770000,176.5,0.0,100.0
577,5780000,179.0,0.0,100.0
578,5790000,181.5,0.0,100.0
579,5800000,182.5,0.0,100.0
580,5810000,183.0,0.0,100.0
581,5820000,178.5,0.0,100.0
582,5830000,181.5,0.0,100.0
583,5840000,176.0,0.0,100.0
584,5850000,183.5,0.0,100.0
585,5860000,182.5,0.0,100.0
586,5870000,183.0,0.0,100.0
587,5880000,176.5,0.0,100.0
588,5890000,183.5,0.0,100.0
589,5900000,179.5,0.0,100.0
590,5910000,179.5,0.0,100.0
591,5920000,183.0,0.0,100.0
592,5930000,176.0,0.0,100.0
593,5940000,183.0,0.0,100.0
594,5950000,177.5,0.0,100.0
595,5960000,185.0,0.0,100.0
596,5970000,182.0,0.0,100.0
597,5980000,178.5,0.0,100.0
598,5990000,176.0,0.0,100.0
599,6000000,177.0,0.0,100.0
600,6010000,185.0,0.0,100.0
601,6020000,181.0,0.0,100.0
602,6030000,181.5,0.0,100.0
603,6040000,180.0,0.0,100.0
604,6050000,180.0,0.0,100.0
605,6060000,177.5,0.0,100.0
606,6070000,181.0,0.0,100.0
607,6080000,183.5,0.0,100.0
608,6090000,177.5,0.0,100.0
609,6100000,180.0,0.0,100.0
610,6110000,181.0,0.0,100.0
611,6120000,175.5,0.0,100.0
612,6130000,179.0,0.0,100.0
613,6140000,183.5,0.0,100.0
614,6150000,182.5,0.0,100.0
615,6160000,183.5,0.0,100.0
616,6170000,181.0,0.0,100.0
617,6180000,183.5,0.0,100.0
618,6190000,185.0,0.0,100.0
619,6200000,184.5,0.0,100.0
620,6210000,183.0,0.0,100.0
621,6220000,184.0,0.0,100.0
622,6230000,183.0,0.0,100.0
623,6240000,180.0,0.0,100.0
624,6250000,183.5,0.0,100.0
625,6260000,181.0,0.0,100.0
626,6270000,179.0,0.0,100.0
627,6280000,180.5,0.0,100.0
628,6290000,176.5,0.0,100.0
629,6300000,178.0,0.0,100.0
630,6310000,185.5,0.0,100.0
631,6320000,181.5,0.0,100.0
632,6330000,181.0,0.0,100.0
633,6340000,186.5,0.0,100.0
634,6350000,175.5,0.0,100.0
635,6360000,175.5,0.0,100.0
636,6370000,181.5,0.0,100.0
637,6380000,183.5,0.0,100.0
638,6390000,179.5,0.0,100.0
639,6400000,178.5,0.0,100.0
640,6410000,176.0,0.0,100.0
641,6420000,183.5,0.0,100.0
642,6430000,182.0,0.0,100.0
643,6440000,174.5,0.0,100.0
644,6450000,178.0,0.0,100.0
645,6460000,179.0,0.0,100.0
646,6470000,178.5,0.0,100.0
647,6480000,179.5,0.0,100.0
648,6490000,176.0,0.0,100.0
649,6500000,177.5,0.0,100.0
650,6510000,182.0,0.0,100.0
651,6520000,179.5,0.0,100.0
652,6530000,182.5,0.0,100.0
653,6540000,175.0,0.0,100.0
654,6550000,182.5,0.0,100.0
655,6560000,180.5,0.0,100.0
656,6570000,175.0,0.0,100.0
657,6580000,187.0,0.0,100.0
658,6590000,181.0,0.0,100.0
659,6600000,177.5,0.0,100.0
660,6610000,182.5,0.0,100.0
661,6620000,183.5,0.0,100.0
662,6630000,185.0,0.0,100.0
663,6640000,179.5,0.0,100.0
664,6650000,178.5,0.0,100.0
665,6660000,184.0,0.0,100.0
666,6670000,143.5,0.0,100.0
667,6680000,182.5,0.0,100.0
668,6690000,183.0,0.0,100.0
669,6700000,174.5,0.0,100.0
670,6710000,176.5,0.0,100.0
671,6720000,178.0,0.0,100.0
672,6730000,183.5,0.0,100.0
673,6740000,183.5,0.0,100.0
674,6750000,176.0,0.0,100.0
675,6760000,176.5,0.0,100.0
676,6770000,183.5,0.0,100.0
677,6780000,183.5,0.0,100.0
678,6790000,181.5,0.0,100.0
679,6800000,179.5,0.0,100.0
680,6810000,180.0,0.0,100.0
681,6820000,175.0,0.0,100.0
682,6830000,179.5,0.0,100.0
683,6840000,179.0,0.0,100.0
684,6850000,177.5,0.0,100.0
685,6860000,178.0,0.0,100.0
686,6870000,181.5,0.0,100.0
687,6880000,178.5,0.0,100.0
688,6890000,175.5,0.0,100.0
689,6900000,181.0,0.0,100.0
690,6910000,177.0,0.0,100.0
691,6920000,183.5,0.0,100.0
692,6930000,181.0,0.0,100.0
693,6940000,182.0,0.0,100.0
694,6950000,174.5,0.0,100.0
695,6960000,183.0,0.0,100.0
696,6970000,177.5,0.0,100.0
697,6980000,180.0,0.0,100.0
698,6990000,178.0,0.0,100.0
699,7000000,181.0,0.0,100.0
700,7010000,185.0,0.0,100.0
701,7020000,185.5,0.0,100.0
702,7030000,176.5,0.0,100.0
703,7040000,181.0,0.0,100.0
704,7050000,176.0,0.0,100.0
705,7060000,177.5,0.0,100.0
706,7070000,178.0,0.0,100.0
707,7080000,179.0,0.0,100.0
708,7090000,180.0,0.0,100.0
709,7100000,184.0,0.0,100.0
710,7110000,176.5,0.0,100.0
711,7120000,182.5,0.0,100.0
712,7130000,177.5,0.0,100.0
713,7140000,186.5,0.0,100.0
714,7150000,177.5,0.0,100.0
715,7160000,180.0,0.0,100.0
716,7170000,183.5,0.0,100.0
717,7180000,181.0,0.0,100.0
718,7190000,181.0,0.0,100.0
719,7200000,186.5,0.0,100.0
720,7210000,184.0,0.0,100.0
721,7220000,182.5,0.0,100.0
722,7230000,178.0,0.0,100.0
723,7240000,186.0,0.0,100.0
724,7250000,179.0,0.0,100.0
725,7260000,178.0,0.0,100.0
726,7270000,185.5,0.0,100.0
727,7280000,176.5,0.0,100.0
728,7290000,183.0,0.0,100.0
729,7300000,183.5,0.0,100.0
730,7310000,179.0,0.0,100.0
731,7320000,176.0,0.0,100.0
732,7330000,181.5,0.0,100.0
733,7340000,184.0,0.0,100.0
734,7350000,182.5,0.0,100.0
735,7360000,175.5,0.0,100.0
736,7370000,180.0,0.0,100.0
737,7380000,180.5,0.0,100.0
738,7390000,178.0,0.0,100.0
739,7400000,177.0,0.0,100.0
740,7410000,176.5,0.0,100.0
741,7420000,175.0,0.0,100.0
742,7430000,177.0,0.0,100.0
743,7440000,185.5,0.0,100.0
744,7450000,183.0,0.0,100.0
745,7460000,186.5,0.0,100.0
746,7470000,179.0,0.0,100.0
747,7480000,177.5,0.0,100.0
748,7490000,177.0,0.0,100.0
749,7500000,179.0,0.0,100.0
750,7510000,181.0,0.0,100.0
751,7520000,179.5,0.0,100.0
752,7530000,181.5,0.0,100.0
753,7540000,182.0,0.0,100.0
754,7550000,181.0,0.0,100.0
755,7560000,182.5,0.0,100.0
756,7570000,184.0,0.0,100.0
757,7580000,186.0,0.0,100.0
758,7590000,185.5,0.0,100.0
759,7600000,186.0,0.0,100.0
760,7610000,181.5,0.0,100.0
761,7620000,186.5,0.0,100.0
762,7630000,183.0,0.0,100.0
763,7640000,184.0,0.0,100.0
764,7650000,185.0,0.0,100.0
765,7660000,180.5,0.0,100.0
766,7670000,181.5,0.0,100.0
767,7680000,182.5,0.0,100.0
768,7690000,187.0,0.0,100.0
769,7700000,181.0,0.0,100.0
770,7710000,178.0,0.0,100.0
771,7720000,177.5,0.0,100.0
772,7730000,185.0,0.0,100.0
773,7740000,184.5,0.0,100.0
774,7750000,175.0,0.0,100.0
775,7760000,177.0,0.0,100.0
776,7770000,187.0,0.0,100.0
777,7780000,177.5,0.0,100.0
778,7790000,184.0,0.0,100.0
779,7800000,179.5,0.0,100.0
780,7810000,187.0,0.0,100.0
781,7820000,183.5,0.0,100.0
782,7830000,181.5,0.0,100.0
783,7840000,183.5,0.0,100.0
784,7850000,181.5,0.0,100.0
785,7860000,179.5,0.0,100.0
786,7870000,182.0,0.0,100.0
787,7880000,181.0,0.0,100.0
788,7890000,178.5,0.0,100.0
789,7900000,183.5,0.0,100.0
790,7910000,178.0,0.0,100.0
791,7920000,180.5,0.0,100.0
792,7930000,187.0,0.0,100.0
793,7940000,187.0,0.0,100.0
794,7950000,185.0,0.0,100.0
795,7960000,176.5,0.0,100.0
796,7970000,185.5,0.0,100.0
797,7980000,178.0,0.0,100.0
798,7990000,178.5,0.0,100.0
799,8000000,183.5,0.0,100.0
800,8010000,182.5,0.0,100.0
801,8020000,183.0,0.0,100.0
802,8030000,182.0,0.0,100.0
803,8040000,179.0,0.0,100.0
804,8050000,178.0,0.0,100.0
805,8060000,185.0,0.0,100.0
806,8070000,178.0,0.0,100.0
807,8080000,183.5,0.0,100.0
808,8090000,181.0,0.0,100.0
809,8100000,182.0,0.0,100.0
810,8110000,177.5,0.0,100.0
811,8120000,179.0,0.0,100.0
812,8130000,182.0,0.0,100.0
813,8140000,179.5,0.0,100.0
814,8150000,179.0,0.0,100.0
815,8160000,186.0,0.0,100.0
816,8170000,176.5,0.0,100.0
817,8180000,176.0,0.0,100.0
818,8190000,179.0,0.0,100.0
819,8200000,179.0,0.0,100.0
820,8210000,183.5,0.0,100.0
821,8220000,185.0,0.0,100.0
822,8230000,175.0,0.0,100.0
823,8240000,177.5,0.0,100.0
824,8250000,178.0,0.0,100.0
825,8260000,180.5,0.0,100.0
826,8270000,183.0,0.0,100.0
827,8280000,182.0,0.0,100.0
828,8290000,176.5,0.0,100.0
829,8300000,180.5,0.0,100.0
830,8310000,184.0,0.0,100.0
831,8320000,177.5,0.0,100.0
832,8330000,184.5,0.0,100.0
833,8340000,177.0,0.0,100.0
834,8350000,185.0,0.0,100.0
835,8360000,182.0,0.0,100.0
836,8370000,182.0,0.0,100.0
837,8380000,185.5,0.0,100.0
838,8390000,186.5,0.0,100.0
839,8400000,180.0,0.0,100.0
840,8410000,178.0,0.0,100.0
841,8420000,180.5,0.0,100.0
842,8430000,180.0,0.0,100.0
843,8440000,183.5,0.0,100.0
844,8450000,176.5,0.0,100.0
845,8460000,182.5,0.0,100.0
846,8470000,185.5,0.0,100.0
847,8480000,179.5,0.0,100.0
848,8490000,176.0,0.0,100.0
849,8500000,175.0,0.0,100.0
850,8510000,182.0,0.0,100.0
851,8520000,177.0,0.0,100.0
852,8530000,186.5,0.0,100.0
853,8540000,176.5,0.0,100.0
854,8550000,175.5,0.0,100.0
855,8560000,180.5,0.0,100.0
856,8570000,180.0,0.0,100.0
857,8580000,175.0,0.0,100.0
858,8590000,176.0,0.0,100.0
859,8600000,176.5,0.0,100.0
860,8610000,181.5,0.0,100.0
861,8620000,177.0,0.0,100.0
862,8630000,185.0,0.0,100.0
863,8640000,177.5,0.0,100.0
864,8650000,185.0,0.0,100.0
865,8660000,187.5,0.0,100.0
866,8670000,182.0,0.0,100.0
867,8680000,161.5,0.0,100.0
868,8690000,183.5,0.0,100.0
869,8700000,185.5,0.0,100.0
870,8710000,184.5,0.0,100.0
871,8720000,184.0,0.0,100.0
872,8730000,181.5,0.0,100.0
873,8740000,182.0,0.0,100.0
874,8750000,184.0,0.0,100.0
875,8760000,182.0,0.0,100.0
876,8770000,176.5,0.0,100.0
877,8780000,177.5,0.0,100.0
878,8790000,185.0,0.0,100.0
879,8800000,182.5,0.0,100.0
880,8810000,178.0,0.0,100.0
881,8820000,183.5,0.0,100.0
882,8830000,184.5,0.0,100.0
883,8840000,187.0,0.0,100.0
884,8850000,176.0,0.0,100.0
885,8860000,183.5,0.0,100.0
886,8870000,181.0,0.0,100.0
887,8880000,178.5,0.0,100.0
888,8890000,181.5,0.0,100.0
889,8900000,182.0,0.0,100.0
890,8910000,181.0,0.0,100.0
891,8920000,183.5,0.0,100.0
892,8930000,175.5,0.0,100.0
893,8940000,178.0,0.0,100.0
894,8950000,180.5,0.0,100.0
895,8960000,178.0,0.0,100.0
896,8970000,176.5,0.0,100.0
897,8980000,180.5,0.0,100.0
898,8990000,182.5,0.0,100.0
899,9000000,182.5,0.0,100.0
900,9010000,182.5,0.0,100.0
901,9020000,177.5,0.0,100.0
902,9030000,184.0,0.0,100.0
903,9040000,178.0,0.0,100.0
904,9050000,177.5,0.0,100.0
905,9060000,183.5,0.0,100.0
906,9070000,179.5,0.0,100.0
907,9080000,184.0,0.0,100.0
908,9090000,185.5,0.0,100.0
909,9100000,183.5,0.0,100.0
910,9110000,179.5,0.0,100.0
911,9120000,183.5,0.0,100.0
912,9130000,183.0,0.0,100.0
913,9140000,179.0,0.0,100.0
914,9150000,184.5,0.0,100.0
915,9160000,183.5,0.0,100.0
916,9170000,185.0,0.0,100.0
917,9180000,179.0,0.0,100.0
918,9190000,177.5,0.0,100.0
919,9200000,176.5,0.0,100.0
920,9210000,179.5,0.0,100.0
921,9220000,181.0,0.0,100.0
922,9230000,182.0,0.0,100.0
923,9240000,179.0,0.0,100.0
924,9250000,177.5,0.0,100.0
925,9260000,179.0,0.0,100.0
926,9270000,180.0,0.0,100.0
927,9280000,177.0,0.0,100.0
928,9290000,183.5,0.0,100.0
929,9300000,182.5,0.0,100.0
930,9310000,179.5,0.0,100.0
931,9320000,176.5,0.0,100.0
932,9330000,176.0,0.0,100.0
933,9340000,179.0,0.0,100.0
934,9350000,174.5,0.0,100.0
935,9360000,177.5,0.0,100.0
936,9370000,182.5,0.0,100.0
937,9380000,180.0,0.0,100.0
938,9390000,181.5,0.0,100.0
939,9400000,181.5,0.0,100.0
940,9410000,177.5,0.0,100.0
941,9420000,178.0,0.0,100.0
942,9430000,179.0,0.0,100.0
943,9440000,188.5,0.0,100.0
944,9450000,178.5,0.0,100.0
945,9460000,178.5,0.0,100.0
946,9470000,184.0,0.0,100.0
947,9480000,178.0,0.0,100.0
948,9490000,184.5,0.0,100.0
949,9500000,183.0,0.0,100.0
950,9510000,178.0,0.0,100.0
951,9520000,179.5,0.0,100.0
952,9530000,178.0,0.0,100.0
953,9540000,182.5,0.0,100.0
954,9550000,186.0,0.0,100.0
955,9560000,179.0,0.0,100.0
956,9570000,187.5,0.0,100.0
957,9580000,182.0,0.0,100.0
958,9590000,184.0,0.0,100.0
959,9600000,183.5,0.0,100.0
960,9610000,178.0,0.0,100.0
961,9620000,176.0,0.0,100.0
962,9630000,177.0,0.0,100.0
963,9640000,180.0,0.0,100.0
964,9650000,185.5,0.0,100.0
965,9660000,183.0,0.0,100.0
966,9670000,182.0,0.0,100.0
967,9680000,182.0,0.0,100.0
968,9690000,183.0,0.0,100.0
969,9700000,186.5,0.0,100.0
970,9710000,182.0,0.0,100.0
971,9720000,185.0,0.0,100.0
972,9730000,184.0,0.0,100.0
973,9740000,180.5,0.0,100.0
974,9750000,181.0,0.0,100.0
975,9760000,184.0,0.0,100.0
976,9770000,181.5,0.0,100.0
977,9780000,174.5,0.0,100.0
978,9790000,181.0,0.0,100.0
979,9800000,176.5,0.0,100.0
980,9810000,183.5,0.0,100.0
981,9820000,177.0,0.0,100.0
982,9830000,181.0,0.0,100.0
983,9840000,178.0,0.0,100.0
984,9850000,163.5,0.0,100.0
985,9860000,181.0,0.0,100.0
986,9870000,184.5,0.0,100.0
987,9880000,176.0,0.0,100.0
988,9890000,178.5,0.0,100.0
989,9900000,177.5,0.0,100.0
990,9910000,182.0,0.0,100.0
991,9920000,176.0,0.0,100.0
992,9930000,186.0,0.0,100.0
993,9940000,182.5,0.0,100.0
994,9950000,181.5,0.0,100.0
995,9960000,178.0,0.0,100.0
996,9970000,185.5,0.0,100.0
997,9980000,177.0,0.0,100.0
998,9990000,184.5,0.0,100.0
999,10000000,178.5,0.0,100.0
